owner,repo,full_name,stargazers_count,watchers_count,forks_count,open_issues_count,subscribers_count,html_url_repo,fork,workflow_id,badge_url,html_url_run,run_conclusion,commit_message,commit_id
HaleyOleynik-NOAA,ASAMS,HaleyOleynik-NOAA/ASAMS,0,0,0,1,2,https://github.com/HaleyOleynik-NOAA/ASAMS,FALSE,NA,NA,NA,NA,NA,NA
HaleyOleynik-NOAA,github-slideshow,HaleyOleynik-NOAA/github-slideshow,0,0,0,0,1,https://github.com/HaleyOleynik-NOAA/github-slideshow,FALSE,NA,NA,NA,NA,NA,NA
HaleyOleynik-NOAA,HaleyOleynik,HaleyOleynik-NOAA/HaleyOleynik,0,0,0,0,1,https://github.com/HaleyOleynik-NOAA/HaleyOleynik,FALSE,NA,NA,NA,NA,NA,NA
HaleyOleynik-NOAA,HaleyOleynik-NOAA,HaleyOleynik-NOAA/HaleyOleynik-NOAA,0,0,0,0,1,https://github.com/HaleyOleynik-NOAA/HaleyOleynik-NOAA,FALSE,NA,NA,NA,NA,NA,NA
HaleyOleynik-NOAA,practice-repo,HaleyOleynik-NOAA/practice-repo,0,0,0,0,1,https://github.com/HaleyOleynik-NOAA/practice-repo,FALSE,NA,NA,NA,NA,NA,NA
HaleyOleynik-NOAA,r3-exercises,HaleyOleynik-NOAA/r3-exercises,0,0,0,0,1,https://github.com/HaleyOleynik-NOAA/r3-exercises,FALSE,NA,NA,NA,NA,NA,NA
HaleyOleynik-NOAA,RASAMS,HaleyOleynik-NOAA/RASAMS,0,0,2,1,2,https://github.com/HaleyOleynik-NOAA/RASAMS,FALSE,NA,NA,NA,NA,NA,NA
HaleyOleynik-NOAA,RWorkflow-Week1,HaleyOleynik-NOAA/RWorkflow-Week1,0,0,0,0,1,https://github.com/HaleyOleynik-NOAA/RWorkflow-Week1,FALSE,NA,NA,NA,NA,NA,NA
HaleyOleynik-NOAA,RWorkflow-Week2,HaleyOleynik-NOAA/RWorkflow-Week2,0,0,0,0,1,https://github.com/HaleyOleynik-NOAA/RWorkflow-Week2,FALSE,NA,NA,NA,NA,NA,NA
HaleyOleynik-NOAA,Week-2-org,HaleyOleynik-NOAA/Week-2-org,0,0,0,0,1,https://github.com/HaleyOleynik-NOAA/Week-2-org,FALSE,NA,NA,NA,NA,NA,NA
